insert into User (id, avatar, email, hashed_and_salted, lname, login, name, profile_background, role, pregunta_de_seguridad, respuesta_de_seguridad) values (1, 'http://lorempixel.com/100/100/people/10/','a@1.com', '$2a$10$adwDmBTvdVFtnublHT/xw.NTby67ikxkl3kPhaSj3ZMSmS2tA3bcO','S.','Adrian', 'Adrian', 'http://lorempixel.com/100/100/people/10/','admin', 'pregunta', 'respuesta');
insert into User (id, avatar, email, hashed_and_salted, lname, login, name, profile_background, role, pregunta_de_seguridad, respuesta_de_seguridad)  values (2, 'http://lorempixel.com/100/100/people/10/','a@a.com', '$2a$10$adwDmBTvdVFtnublHT/xw.NTby67ikxkl3kPhaSj3ZMSmS2tA3bcO','Sanchez','AdrianSh', 'Nombre', 'http://lorempixel.com/100/100/people/10/','admin', 'pregunta', 'respuesta');
insert into User (id, avatar, email, hashed_and_salted, lname, login, name, profile_background, role, pregunta_de_seguridad, respuesta_de_seguridad)  values (3, 'http://lorempixel.com/100/100/people/10/','alo@a.com', '$2a$10$tS2Bk1FevKOmDD49poA/oOq0QGaZ.XCZbgRfhVkqIDN0dmLAwVz1y','lolo','lolo', 'Sr', 'http://lorempixel.com/100/100/people/10/','admin', 'pregunta', 'respuesta');
insert into actividad (id, created_at, estado, updated_at, user) values (default, CURRENT_TIMESTAMP, 'He visitado el perfil de Fulanico Molonas', CURRENT_TIMESTAMP, 1);
insert into actividad (id, created_at, estado, updated_at, user) values (default, CURRENT_TIMESTAMP, 'Soy pro!', CURRENT_TIMESTAMP, 2);
insert into actividad (id, created_at, estado, updated_at, user) values (default, CURRENT_TIMESTAMP, 'Que Pasa tio!', CURRENT_TIMESTAMP, 3);
insert into amigos (id, amigo, user) values (default, 1, 2);
insert into articulo (id, autor, fecha, ranking, tipo, titulo, image) values (default, 1, CURRENT_TIMESTAMP, 2, '1', 'Los porques de la tecnologia', 'http://lorempixel.com/200/300/');
insert into articulo (id, autor, fecha, ranking, tipo, titulo, image) values (default, 2, CURRENT_TIMESTAMP, 1, '0', 'El juez imputa a nueve de los 10 concejales del PP del Valencia y a 20 asesores', 'http://lorempixel.com/200/300/');
insert into articulo (id, autor, fecha, ranking, tipo, titulo, image) values (default, 2, CURRENT_TIMESTAMP, 3, '0', 'El Supremo no anula la salida a Bolsa de Bankia para grandes inversores', 'http://lorempixel.com/200/300/');
insert into articulo (id, autor, fecha, ranking, tipo, titulo, image) values (default, 3, CURRENT_TIMESTAMP, 4, '0', 'Pedro Sanchez: "Esto empieza bien"', 'http://lorempixel.com/200/300/');
insert into articulo_contenido (articulo, contenido) values (1, 'La tecnologia es de gran importancia en todo el mundo, por que sus avances han hecho que toda la sociedad se beneficie de ella');
insert into articulo_contenido (articulo, contenido) values (2, 'Les acusa de blanqueo en la causa que investiga prevaricacion administrativa, malversacion de caudales publicos, trafico de influencias, cohecho, fraude y falsedad ');
insert into articulo_contenido (articulo, contenido) values (3, 'Las sentencias subrayan que es el pequeño inversor el que resulto engañado');
insert into articulo_contenido (articulo, contenido) values (4, 'El secretario general del PSOE asegura, despues de reunirse con Coalicion Canaria, Nueva Canarias, Izquierda Unida y Compromis, que hay "posibilidad de abrir una nueva etapa de gobierno reformista y progresista"');
INSERT INTO periodico (id, nombre, url) VALUES (1, 'ElPais', 'http://elpais.com');
INSERT INTO periodico (id, nombre, url) VALUES (2, 'ElMundo', 'http://www.elmundo.es/');
INSERT INTO periodico (id, nombre, url) VALUES (3, 'ElDiario', 'http://www.eldiario.es/');
INSERT INTO periodico (id, nombre, url) VALUES (4, 'ABC', 'http://www.abc.es/');
insert into tag (nombre, fecha) values ('Politica', CURRENT_TIMESTAMP);
insert into tag (nombre, fecha) values ('Comercio', CURRENT_TIMESTAMP);
insert into tag (nombre, fecha) values ('Economia', CURRENT_TIMESTAMP);
insert into puntuacion (id, negativos, positivos, usuario) values (1,10,20,1);
insert into puntuacion (id, negativos, positivos, usuario) values (2,3,20,2);
insert into puntuacion (id, negativos, positivos, usuario) values (3,4,5,2);
insert into puntuacion (id, negativos, positivos, usuario) values (9,12,5,3);
insert into articulo_puntuaciones_id (articulo ,puntuaciones_id) values (1,1);
insert into articulo_puntuaciones_id (articulo ,puntuaciones_id) values (2,2);
insert into articulo_puntuaciones_id (articulo ,puntuaciones_id) values (3,3);
insert into articulo_puntuaciones_id (articulo ,puntuaciones_id) values (4,9);
insert into comentario (id, articulo, comment, fecha, responde, user) values (1, 1, 'Buen articulo', CURRENT_TIMESTAMP, null, 1);
insert into comentario (id, articulo, comment, fecha, responde, user) values (2, 1, 'Ya te digo', CURRENT_TIMESTAMP, 1, 2);
insert into comentario (id, articulo, comment, fecha, responde, user) values (3, 1, 'Muy interesante', CURRENT_TIMESTAMP, null, 3);
insert into comentario (id, articulo, comment, fecha, responde, user) values (4, 3, 'Bien hecho', CURRENT_TIMESTAMP, null, 3);
insert into comentario (id, articulo, comment, fecha, responde, user) values (5, 2, 'Casi nada ....', CURRENT_TIMESTAMP, null, 2);
insert into puntuacion (id, negativos, positivos, usuario) values (4,10,2,1);
insert into puntuacion (id, negativos, positivos, usuario) values (5,3,2,2);
insert into puntuacion (id, negativos, positivos, usuario) values (6,8,5,2);
insert into puntuacion (id, negativos, positivos, usuario) values (7,6,2,1);
insert into puntuacion (id, negativos, positivos, usuario) values (8,3,2,3);
insert into comentario_puntuaciones_id (comentario, puntuaciones_id) values (1,4);
insert into comentario_puntuaciones_id (comentario, puntuaciones_id) values (2,5);
insert into comentario_puntuaciones_id (comentario, puntuaciones_id) values (3,6);
insert into comentario_puntuaciones_id (comentario, puntuaciones_id) values (4,7);
insert into comentario_puntuaciones_id (comentario, puntuaciones_id) values (5,8);
insert into tag_articulo (tags, articulo) values ('Politica', 4);
insert into tag_articulo (tags, articulo) values ('Economia', 3);
insert into tag_articulo (tags, articulo) values ('Economia', 2);

